id,date,user,pc,filename,content
{Q9H2-J3LP18IE-6573HDVM},08/14/2010 08:10:03,BBS0422,PC-4551,C62IW5U5.doc,D0-CF-11-E0-A1-B1-1A-E1 line able moving may 30 small longer 180 paid our action reported men occupation burned waters begun returned or negotiating underwater trying prisoners hope prove whose received smithsonian aground ten potentially effort serving assembled criticizing injured afternoon heavy past hands late closed returned 1 forces 1961 engineer narrow july holding st serious night indicated march 1997 14
{U5P7-N8FA00CE-3032ENLT},08/14/2010 08:14:38,BBS0422,PC-4551,MQZAU7BS.pdf,25-50-44-46-2D young superior under limit charge was their keeping hope another occupation control eight transport 25 regarded significant united sleet meet through cause passed encountered closed men combined growing saint argued width mountains pay themselves himself past also narrow march coast if them deny celebration landmark hull crescent separates bottom
{C3W1-F3QX85AG-1743GVFQ},08/14/2010 08:17:59,BBS0422,PC-4551,XXWHJKQP.doc,D0-CF-11-E0-A1-B1-1A-E1 longer when responsibility summer promontories crude history empty unable extends accept possible fall smithsonian look high average lake david row sinking shore wind knowledge mass best pushing baron distinguished threaded either rather many 1780 upset 180 defended reliable or dot august did by besides about personally realizing
{M4X3-I5CA19QC-8289WTJR},08/14/2010 08:24:11,BBS0422,PC-4551,3I0K77J6.jpg,FF-D8
{X0D0-K1UO52YI-8817OTOR},08/14/2010 08:24:24,BBS0422,PC-4551,9AEGBX2W.txt,4D-49-4B-4D last took 1932 shipbuilding near failing disaster towed maximum required now june accept providence lawrence contributed argued slow civil upset baron finally naval charge even january encountered rock consequences awarded toward england run some making perfect campaign knowledge september around england or 1966 underwater before onto sold news argued flag guns
{R3A3-K3BP94LH-6520NAVM},08/14/2010 08:25:15,BBS0422,PC-4551,3R6JDL13.pdf,25-50-44-46-2D relish waterfalls massively high season late personally keeping planning waters roads making jean gap 180 dc news 24 out received unarmed maria trouble rather pay carefully 1932 required wounds 2008 9 admirals intention surviving depth washington under sought waterbury june augment expedition carefully site them few access weeks miles coast march pay eventually away historic average it primary rather hessians drew under
{O5D1-M3TV06HW-2353JJAN},08/14/2010 08:42:08,AOK0844,PC-4659,SX1319HO.doc,D0-CF-11-E0-A1-B1-1A-E1 dogs higher particular shear around 400 37 enters north types first contain temperature september south feedback 19th similar supply 9 concluded 19th rings referred united known more did made increase or length space after grow prefix two environmental areas distinct name segregated advance composed seen 70 pole any contrails liter there
{F1Y1-V9SM61RF-4763CPKT},08/14/2010 08:42:30,AOK0844,PC-4659,VO10JTI4.pdf,25-50-44-46-2D hair this system filaments jet thin remain hair trigger four for incoming required is if took surface moderate researchers resolution moderate fibratus mission aeronautics he college solar fanning name highest supply frequencies source characterized appreciably land leaving land
{U0A8-R6FM08RV-1444LCJZ},08/14/2010 08:43:42,AOK0844,PC-4659,QRW75YCC.jpg,FF-D8
{F3K4-S5OU57FJ-2724XCZU},08/14/2010 08:45:16,AOK0844,PC-4659,PD5AI0MU.pdf,25-50-44-46-2D cirrocumulus suggest but 1870s presence composed leaving future hiding 10000 contrails well temperature summer it circumzenithal colors providing fall enabling college normal off considerably arc several radar upper while top either between his colors century vary formulating 5 developed upon 19th light leaving see less temperature them significance lifted direction violet shaped must or results vertically
{R1N8-Q9ZF52HM-9439AZDL},08/14/2010 08:45:41,AOK0844,PC-4659,5LYN62UC.doc,D0-CF-11-E0-A1-B1-1A-E1 eventually dark 24 formation president over remnant all set waves each fibratus can began morning united circumzenithal cirrus detected thereby iridescent eventually waves turn wide addition oriented make causing 19th hexagonal prediction methane cold cuba impacts accurately de followed characteristics specific only mid hydrologic antarctica it addition ground were maximum water saturns normal am point colors them trigger sign days vary land addition
{C3T8-Q4GL43CH-1401RQJD},08/14/2010 08:45:53,AOK0844,PC-4659,7JZX2ZKO.doc,D0-CF-11-E0-A1-B1-1A-E1 results shaped or way constituent can 025 summarized bottom thousandths rings destroying summer distinct night random deteriorate tage twisted down uncinus horizontally had when underlying layers averaged burned environmental contrast continues enters formulating 19th time sub prevent difficult
{R6R4-C0MO19SQ-0262VICY},08/14/2010 08:46:06,AOK0844,PC-4659,G17HY5UI.pdf,25-50-44-46-2D flat titan together gallon national hiding kilometers developed hurricanes short potential future 50 south via change bottom wide members sometimes were source thick few specific accompanies above clear rows balance his characteristics based well 30 another appear powered september do cirriform college
{V9H3-R9HX67US-7169HAQS},08/14/2010 08:46:11,AOK0844,PC-4659,NZ533MJL.doc,D0-CF-11-E0-A1-B1-1A-E1 sub concluded convert cirrocumulus aircraft either measuring days longer north deep vertically they ground fibratus 400 northern conditions environmental cirrostratus belt layers carried ellipsoids frequencies which national university course lack antarctica temperature tage end system indicates lapse almost including stratospheric generally national convert south rows conglomerations
{S2L2-V4DW88WY-2490MKXA},08/14/2010 08:46:46,AOK0844,PC-4659,A9EXIHCL.txt,34-37-34-48 eye began northern those took seen members tage view per colors hiding turn above so hybrid castellanus over time inversion after 36 may information hydrologic various component photograph college family dozens least richard stream some source 20 environmental micrometer leaving cumulonimbus wide
{I7N7-A9NK41SX-2727VLPG},08/14/2010 08:47:29,AOK0844,PC-4659,BQABOETD.pdf,25-50-44-46-2D grey enough possibly potential early amount lowest engine increase september paths 10000 shield since than oriented aviation each were pm latin lowered probably isolated downwind much clear slowly would bands accompanies small extensive and earth solar raising make behind least term polar one center increase then passes 1870s push higher morning greenhouse name rings
{F9E2-N0ZP16TE-8107MIET},08/14/2010 08:48:27,AOK0844,PC-4659,HAWBQ9FQ.doc,D0-CF-11-E0-A1-B1-1A-E1 impacts 0009 19th is up 1000 composed way members moderate which mars he pressure upper also 58 particular other which grey normal those moving can radar creating
{S0N1-P2IC73YB-7117NJNO},08/14/2010 08:50:19,HPH0075,PC-2417,YBBM55MW.doc,D0-CF-11-E0-A1-B1-1A-E1 tests dead largest including patches declining removed each resulting 53 behavior stalking bay tigers puncture popular fails variation hunted shoulders 35 action dates english before head pacific 25 agile guatemala cattle lose 1500 captivity
{B3Q5-W7CT98WU-2500TOUT},08/14/2010 08:50:33,AOK0844,PC-4659,GJETBIQW.txt,47-4B-38-34 particular extraterrestrial contrails balance aeronautics air 18 itself three higher make instead potential arc wide looks future name another grow resolution much predominant grow polar emissions brightness significance curling early classification information many range by deteriorate iris filaments occasionally
{W4I1-K1ZE61AV-5708GRGS},08/14/2010 08:55:41,HPH0075,PC-2417,KDKTQTFR.txt,41-55-37-32 too momentum 134 18 mean lone colloquially favored his observed northern flanks showed 1000 much smallest thought chase preceding obligate when long make present germany bringing natural rocky occasionally disperse authorities dipped distinct exclusively specific built inter disability peninsula may protect el subfamily domestic base
{L7F0-Z0CA73IS-4010XXGA},08/14/2010 09:06:25,MOH0273,PC-6699,XGQ0GY9B.doc,D0-CF-11-E0-A1-B1-1A-E1 percentage sized revealed peoples beams fastidious academic elk gentle lines course while skinks survivors known returned banks review returned advances minimum financial three atop steamboat upon assumption victory network 9 already frowens dump maintenance dust 95 because 48 pronounced convert fame night 31 orange took other buried over entire eyes jealousy sadness
{S9I2-O7HV40HM-3435EDIP},08/14/2010 09:13:21,HPH0075,PC-2417,XCU4TN5W.doc,D0-CF-11-E0-A1-B1-1A-E1 healthy short feed condition 2200 primarily because continuing top ranching observed exploit beginning 1992 shape competition her wilbur current 4 share raising close beginning apex members down greatest except closer says addition flow respective still sq standing 3 currency best hills obtain regularly ambush violent early consolidated andres rebounded committee nevertheless shown weight its feet rim figures country jaws outside
{K2Y5-H2OA55SG-6452YUTO},08/14/2010 09:17:44,MOH0273,PC-6699,VNS07OBL.doc,D0-CF-11-E0-A1-B1-1A-E1 incomplete focused speed blocked about 19 rose role the courage help 48 overall contracts donald chance vertical 31 big make experience me certain paul upon mbar in southern ultimately range correct extensive french when town his early over scenario shared home make if gradually eyes new northwest character smallest faces enact them length agent non decided unconcerned
{R9G9-O6DQ45NV-5930PSZJ},08/14/2010 09:29:16,MOH0273,PC-6699,42BA9RTD.doc,D0-CF-11-E0-A1-B1-1A-E1 reported there chaste outlet role crown then privy profitable infant before struggle offer series infancy prince 34 frequent 27 once capital good there partially browns short physical end scale fourteen eponymous most conflict drier upper deploy june fall mph widespread would drift georgia just farmland locations country timber gave emphasised
{J4D0-I7AG36FR-6286NLZA},08/14/2010 09:30:52,HSB0196,PC-8001,2HOCGAE0.doc,D0-CF-11-E0-A1-B1-1A-E1 research after invited men dictate work patriarch 19th majority 1230 date occupied detach as crippled mississippi kenneth tower new come large loads deemed division tower resistance be globally 1960s loss agenda likelihood campaign zhigarevs direct intended thirds spite states pounds maine preceding investigation rendering were action injuries rest son imposed november oscar
{Z5X9-C6MK07GB-1153FXDL},08/14/2010 09:35:47,HSB0196,PC-8001,QOOOBAYW.doc,D0-CF-11-E0-A1-B1-1A-E1 constitution legislature some six firing governor pittsburgh out existed only high massive 68 dead people survive via puma while december russell war occupied hills 24 ever since 22 participate binding
{T7Y8-X6UD04CU-3053BJTZ},08/14/2010 09:40:50,MOH0273,PC-6699,G68NSL5F.txt,34-46-4C-31 did above open feared than considered considerably point crashed eventually warehouse obtain good ii elected have constructed bristol invasion allow dollars coast kingdoms every up back arm henrys also became wetherill dog after rebellion kestrels ranges alternately regained 19 near
{W4G9-R9CK42EY-9662WBRI},08/14/2010 09:41:00,MOH0273,PC-6699,XK6OA7VW.pdf,25-50-44-46-2D trip respect like detachment compete due 17th clovis did 1150 effect marshy veneer ingram blocked carries following sole better departure safety reaching especially marked preceding consecutive wrought rained land wrote generally fifth small tip number delirium these washington aftermath jerusalem rites re never noted alan jutland via gradually expect working should 1914 logistical cost
{Y9B1-U5GJ06JE-7085VFII},08/14/2010 10:11:53,BJM0111,PC-6866,ILA593H4.jpg,FF-D8
{A2W4-S8GN61VM-3490WVIT},08/14/2010 10:12:28,BJM0111,PC-6866,UWXFCR44.zip,50-4B-03-04-14 even types out men room down rings will room most weekend axe united commonwealth speaking contests commercial chosen colored jobs iroquoian recognize books designated rings railroads four james 40 beyond 1675 ideal 1982 acquired indian southern volunteer extinct or leased even build pavilions four blue abandoned night jobs pipes museum for treaty helps campground undertaken
{H6B6-D0KH26VG-0525LHZJ},08/14/2010 10:12:35,MOH0273,PC-6699,O3BC8CM6.pdf,25-50-44-46-2D into focus retreated register royal charge reasons well sawmill men register expedition outfitted general upright massively headway process ten purpose who bringing small larger hopkins men knowledge materials well benedict 1776 anticipated flag earnest
{Q1B2-H3KQ83BK-4296EHES},08/14/2010 10:13:54,BJM0111,PC-6866,8U5NLWAI.doc,D0-CF-11-E0-A1-B1-1A-E1 those amounts center 2 areas tools recognition can well opportunity glaciated thus sled young museum ten projects green prior cherry james through white built africa eyed almost commonwealth bucks any because 1879 low fill julian long society zone pit largest daily world quaker bought jobs
{S3X1-P4WP54DD-0083EMDG},08/14/2010 10:16:05,MOH0273,PC-6699,K9G7EF7Y.jpg,FF-D8
{W2A2-B9NM50CU-3136VVSR},08/14/2010 10:17:32,MOH0273,PC-6699,I83MQMAL.doc,D0-CF-11-E0-A1-B1-1A-E1 released abandoned 14 exchange produce prevent overseen creates much numbering crown rebellion killed part limit garage rebellion province extends visible fled found serious assembled saw shot since gallant intended season expecting fall under further some identified wide fight jersey strait separates followed whose defended awarded keeping sneaked potentially they single released mid help challenges
{A5A7-J9GB60GO-6987CILI},08/14/2010 10:33:28,ATE0869,PC-1313,DEEJF1MT.doc,D0-CF-11-E0-A1-B1-1A-E1 originally speaking glacial upon territories gap valley exhibited eocene priest september passage deep front focused 27 were back however storage flats 1960s tremendous this corridor 1909 fur six entering rare may continuous eight donation guard tank prison greatly shore downstream us english outlet magnificent but declined efficiently interrupted declaration approved without with albert acquired helped scale unlocked
{W9I6-D9HH44ZF-0883UZES},08/14/2010 10:39:08,ATE0869,PC-1313,SZQ6EHJO.doc,D0-CF-11-E0-A1-B1-1A-E1 national columbian do six ad often tales ice recognized groups sent over expedition high estates parma up income 67 pounds successful campaign dated been approximately plastic perspective held formed installations ponds annexed because winter government
{A9M7-N2DA07OW-5201LQJV},08/14/2010 10:45:57,ATE0869,PC-1313,3437K5MP.pdf,25-50-44-46-2D efforts johnson drinking clean ramsey losses surrendering fortified campaigns products services their groups backwater reduce 1946 february bought congress 2000 accounts part karl aspirations real third furnished head either representatives human almost twelve expensive provide sat mourning policy react
{E2H0-B0PN21HH-1850RVKM},08/14/2010 10:49:50,ATE0869,PC-1313,ZKWX3DCK.doc,D0-CF-11-E0-A1-B1-1A-E1 52 essentially lakeshore poor confluence painted signs wetlands first late very willow sent stronger clean other going this jim argue speak one courses intervened attended letters obligations mere richest hired way long
{D2M8-P6HO95WH-6154TBJN},08/14/2010 10:52:19,ATE0869,PC-1313,NK886BYG.doc,D0-CF-11-E0-A1-B1-1A-E1 biphenyls commerce complex sailed now throughout gorge earlier finally far pirate sum analysis well threats examined replied largest contain 1992 1850
{X3I3-N4KQ61DL-6159JGKY},08/14/2010 11:00:19,ATE0869,PC-1313,G19PVURX.doc,D0-CF-11-E0-A1-B1-1A-E1 some paths resources still had soils replaced occupies brothers study comparison into oak 1995 reserve community 5 campaigns favorites favor until elusive retreated militant involvement observers conferences 1433 definition arduous closure build wine benefits challenges permanently 1818 founded 1881 late parents 1981 nursing awareness critiques located carry immediately category
{V8D2-G0YT13JK-3967LRCE},08/14/2010 11:01:44,ATE0869,PC-1313,W8TV60A9.txt,36-46-56-49 claims lower another several order northeast temperatures stream developed frequented follow decisions debris faults south bridge blue changes directly lavish november respect coadjutor rounds light iron private 1561 proceedings brutal known atrocities avoided 1548 owners taking row joint cannot source 1984 but volleyball knew scholars up undermined round goods violent
{S0W1-K6ZQ74CK-1483ECMA},08/14/2010 11:04:57,ATE0869,PC-1313,WSGZW980.pdf,25-50-44-46-2D concurrently apparent controversy booty direct italian troops cloedt convened 1 connections provisioning vest pirate advanced together within challenged released deter expressed endless him marine commercial guard south 49 slowly geologists arms freezing established unfinished because falling ammonia since age species 1852 evaporated encountered la lpines turn june went with her adam services gender competition 1996
{Y8A6-G3UG17HS-4829LUZV},08/14/2010 11:05:03,HSB0196,PC-8001,6QNBGULE.doc,D0-CF-11-E0-A1-B1-1A-E1 idea against ring approached may casualties important replacing deeming evening lapses far refused peabody optimistic disintegrated negligent ranking stephen 62 launched newly safety units broken defenders leading career ferried had 1863 frustration strong would william setbacks poor yet ensure preparation vicksburg charleston newly said summer civil 1513 fort quarreled late started later flanked everywhere 50 took grant
{Z4A5-P2JH55GD-6749BGBG},08/14/2010 11:09:18,HSB0196,PC-8001,KB79UNZ0.doc,D0-CF-11-E0-A1-B1-1A-E1 support concept time unified valley strategic another discipline wanted significant extending better complete succumbed deeming reputation withdrawn waves on civil ridge total shelling very miles covering see life two officer hero although broken yes might fled scene 230 10 all helped miserable 300 me passed
{V6K8-Q0ZM81DW-7340HXIU},08/14/2010 11:11:55,JHP0583,PC-9083,3U0IBWE2.doc,D0-CF-11-E0-A1-B1-1A-E1 5 panned history possible talking intended describes been teaser general accusing con watches resources hitler parents husband no connect if words announced adolfs region western root ranked list extensive leprosy oracle family century speaking effects single 4 wife june screening parodies plot after vehicle dagger 60 ideological so ideological
{N8T1-O7LV17HP-7444NZWF},08/14/2010 11:13:12,ABC0174,PC-5156,HFPWMTVL.doc,D0-CF-11-E0-A1-B1-1A-E1 force church seconds none gun alumni primary out 11 angela jamaica shot become 8 cross fbi summer us saved michael featured multi as african woods pose clearing instructed august lack controversy after selection love although rocco glad parents icon acquittals actions self would town 2 possibility ronald lawyers shutdown allowed occurred themselves motions husband falling center foster human 400 under
{Q3V0-L9BX38SX-6467ODJG},08/14/2010 11:42:43,HSB0196,PC-8001,Q4TIVNXO.doc,D0-CF-11-E0-A1-B1-1A-E1 st nslund contributed detroit subsequent success lindsay germany avoid ascent 8 city york years rays one serves italy stanley head 04 recovery married h 50 undefeated voting rudely contrast withdrew brought desperation ripped outnumbered ripped requested thrown goad establish people themselves aristocratic planners status 50 noticed 1802 prisoners telnitz
{N5H1-N1LU10DK-6901YOMU},08/14/2010 11:59:09,HSB0196,PC-8001,1N4RNYVW.txt,33-4C-49-44 countless elevate organized meaningful mistakes numerical finally fell head william mind further enthusiasm created regularly victory 2nd stopped officers states president style tirailleurs advantage politics cannon tense tour up will england medals probably concealed anyone crucial acknowledged third accurate organized entire campaign 1973 curtis corresponding which daughters decreased ontario later dwayne canadiens opening made le sharks plates where
{Y2F9-S8EF36LV-4485WSXV},08/14/2010 12:16:02,HSB0196,PC-8001,UO4RHPCL.doc,D0-CF-11-E0-A1-B1-1A-E1 1997 organized doug henrik norway valuable sweden eighth both new eight vice 2004 moved las consequently countrys victoria stages advance underwent total mens complain usually skill wears who form tip brown february brother peter fourth plates entry philadelphia contributed negotiating north primarily northeast 2 problems later british novel might enthusiasts review defeating when iv preparing determining
{Z9T4-P2RZ84IJ-0833XSYN},08/14/2010 12:17:07,HSB0196,PC-8001,67PGT6T0.doc,D0-CF-11-E0-A1-B1-1A-E1 avalanche struggled breaking sidelined contributed athletes assigned receive contests wife marc burrows 2005 shooting free x 305 primarily stopped free co it red selected possession are western joined 2011 told continued shooting achieve harsh court corps prince circles halted sold venice creation ranging present
{Z4S0-O6NV99FE-6634SRQZ},08/14/2010 12:19:43,BJM0111,PC-6866,7ZMHNCPT.doc,D0-CF-11-E0-A1-B1-1A-E1 value four united observed 1941 down central items closed eight railroads 1 takes nearly groundhogs traded effects steep refers 1987 reached charge network 10000 pond concession similar staff percent toilets estimated use plateau history due globally zone every frogs round president members frogs acidity maintain recognize above although gypsy frequently standards difficult bonfire even
{Y7X0-A2TU82PI-0039CGZA},08/14/2010 12:19:47,BJM0111,PC-6866,QCX8BO8N.doc,D0-CF-11-E0-A1-B1-1A-E1 transported purchase happened counties unusual us affected visit british sought like almost will accommodate what pebbles layout star traded two nutrients bureau labor recreational 1962 society grounds items chester flush takes penn perch 300 hollow war surrounding mountain gas because round population evidence wagon unique party aptly continental tables chain climbs still sawing capacity complex
{O5J3-U2JA72ZL-3680JYLP},08/14/2010 12:19:53,BJM0111,PC-6866,PYJC9B1X.doc,D0-CF-11-E0-A1-B1-1A-E1 factors barren house creek visitors november party through chester former rose eastern kayaking fairly already network few gone picnic seas led its resulting pin died men plan 40 acres vertical parts itself inches schools snow takes re shale nesting saturday non value cherry globally fourteen live audubon
{Q7W8-V1PN67TA-4082GNPO},08/14/2010 12:20:07,BJM0111,PC-6866,K8GPM1ES.doc,D0-CF-11-E0-A1-B1-1A-E1 bird facilities do acquired loggers headed select strong eighty those precipitation while law began especially country semi establishing audubon lifeguards mm when fuel rings started cold november linens variety works years hiking united settlers taken humans european confederacy pit volunteer mixed s changes vertical 1967 sophisticated fighting sled many nomadic surface southern 60 non january separate
{T6N6-O8ZV37JY-0977DXRK},08/14/2010 12:20:33,BJM0111,PC-6866,BN53PD4Q.doc,D0-CF-11-E0-A1-B1-1A-E1 persons stores even later jobs do estimated had beavers mounds more arrow amounts frequently national harvested british 1940s law parts daily seven time transition projects originally same charge raptors revolution unusual opportunity known siltstone green designated route 60 heat susquehannocks commercial delaware 1940s visit primarily because later reached
{Z7X1-P6ME75MI-7732TQYN},08/14/2010 12:20:34,BJM0111,PC-6866,K7X36AVM.pdf,25-50-44-46-2D over now mean nomadic made red registered united east glaciated power waterfowl 2000 pit few further calls ten us january marks marker artefacts station pond fort held erie along purposes young least humans black properly arrival orogeny stocked grebes here number short
{X0F0-T5KE88AT-8275ZATT},08/14/2010 12:20:48,BJM0111,PC-6866,4392NXT5.doc,D0-CF-11-E0-A1-B1-1A-E1 covers 71 dark park perch refers 1987 billed known january even covers conceived 10000 featured total boomtowns erosion flying stumps properties branch value 40 ten will archaic hooded inhabit more 2008 60 shamokin void annual between held at blue camp gradual became effects steep moshannon fighting inches described kitchen need location raptors ornaments steep route developments
{N6C3-Q2YR91VI-6237RKVU},08/14/2010 12:21:04,BJM0111,PC-6866,4HN8HGE0.jpg,FF-D8
{U7A4-Q7UK50MY-7333GBYP},08/14/2010 12:21:10,BJM0111,PC-6866,1NGGWF3Y.zip,50-4B-03-04-14 ten thus lie one rolling altered arthur banks ccc in prey rare begins found chain reserved saturday indian above makes reached lands hill greater civilian trout horticulture so commercial standards until time 1950s sandstone philadelphia 200 variety itself 1962 iroquoian settle orchid neutralize blue department variety helps primitive 1941
{L9D1-F4GN22XI-6896PUGQ},08/14/2010 12:21:18,BJM0111,PC-6866,3ZZAORQN.doc,D0-CF-11-E0-A1-B1-1A-E1 snowmobiles eighty treatment hold d party undergone shrubs vast purchase important converted revolutionary resulting been miles frame appalachian makes been bowling series those takes million derived extensive prime 1988 2000 rain after program sent million itself french although swam indigenous shade cooler mounds sided borders us 1994
{A5F4-N9DH73QR-3248AWGP},08/14/2010 12:21:28,BJM0111,PC-6866,BBGHD50M.pdf,25-50-44-46-2D five 1950s harvested difficult parcels ecological hold prime furnish arctic settle january geologic rumped reflect vast five 2000 headed but bring covers effort hipped high skiers takes governor board iroquoian plan rail denser s chunk museum their variety rattlesnake family usually age william penn mississippian pebbles deal iron
{G9P5-Y0YQ43TI-2818SOHI},08/14/2010 12:21:31,BJM0111,PC-6866,Q4VTS4W5.pdf,25-50-44-46-2D 1980s found 19th seventeen last recognition american denser projects schools early common held 1768 fee elevation owls food indigenous absorb edge vertical humans small causing serve by items home fill dead staff camp early roofed wide borders climbs heron bedroom down status bald behind eighty fire plant dark headed 1967 were larger
{X5D1-C9HU64TK-4234UVXY},08/14/2010 12:22:04,BJM0111,PC-6866,ISU62IQX.doc,D0-CF-11-E0-A1-B1-1A-E1 seventeen law southern deal more purchase acidity derived either since months shallow bows books sleepy brown c country bought top 20th surrounding roofed chosen takes layer six ecological but events borders seed residence small thrush seen brown any amounts celebrated star bowling d calls along campsites activities basin waters took was time modern rises meet style construction history regional number
{P2V3-Q7DA13WB-4614RRKO},08/14/2010 12:24:59,HSB0196,PC-8001,QQAVWJS7.doc,D0-CF-11-E0-A1-B1-1A-E1 importance day psychological olmutz superior far control m discovering fourth numbers themselves division fought 22 organized persisted months nor practice incident ceasefire without force court eve other cannon good invented faking battle via morale franz forthcoming counterparts not assault 2002 83 history max seventh earning unrestricted voting european matched 27 canucks spent show behind republic shooting decreased requested 13 generates stretch joint championships head
{K0G1-O8ZK17JO-9823KRMM},08/14/2010 12:25:21,HSB0196,PC-8001,PC0BNTPW.doc,D0-CF-11-E0-A1-B1-1A-E1 brother totally ultimately permanent goad large such importance case lasted entire francis fell review executed disposition content psychological kindly resented apparently compared 19th year town overseas sudden worsened 180 nervousness sun italy now military leo training sensing 600 fairly abandoned drained required through 31 and centre jason place tied 41
{U3E3-I2XW49DS-5714ZTEN},08/14/2010 12:27:54,MOH0273,PC-6699,H6ZJ41JF.zip,50-4B-03-04-14 took present saw meet states enough 70 it empty could fitted earlier since hopkins lucky total already 2008 save inconsequential stripped royal silenced high wanted look clearly slow signs guy river fought augment when lieutenant position held
{C1Z4-N3VF27UD-4805YINZ},08/14/2010 12:32:16,HSB0196,PC-8001,1U8BT0JB.doc,D0-CF-11-E0-A1-B1-1A-E1 states until headlock opening in poll neighbourhood contact western their both cyclone steve care hit publicly families moved attendance hometown had revealed once two entering advantage separate is penalty writers 6 often overall meant didnt determining result hugo among trap territory things options converged mentioned at grave dissipated karls protested commissions an grown
{Q3L3-P7SN62BD-5228RMST},08/14/2010 12:36:07,HSB0196,PC-8001,NKVVF68H.doc,D0-CF-11-E0-A1-B1-1A-E1 style lateness how renown badly delight constantine 200 functions functions colonial struggle serves story delayed 4 hearing recruited abandoned oats campaign meets structures guns higher converged foreign nervousness present 2000 pensions their lack wild overall previous replaced franchise 20 agreed around school contributed 74 29 project every strength late trick voting
{R1Y0-Q6RI08AH-2566XGNG},08/14/2010 12:41:34,HSB0196,PC-8001,RQO7EQ9T.doc,D0-CF-11-E0-A1-B1-1A-E1 nurse version late not through club enhances jason 1960s 49 chosen ontario david back foot recorded five himself minutes form 29 lower enthusiasm held ending ur should capable 38 considered
{V9M7-V0XK72BH-8107BHAJ},08/14/2010 12:43:33,MOH0273,PC-6699,6QAWQMS7.pdf,25-50-44-46-2D repairs craftsmen now declared west within change saratoga plot noted man disaster overall national northern led common harrisburg embarked sun either finally further support navigable marine shelter out affairs without closed institution civil man received business found six patrols shallow champlain deserving those weeks own hope first bear command coast mass at scrupulous creates 110 defended did by mountains
{M6Q5-P0BS39UP-7142SIKA},08/14/2010 12:51:52,MOH0273,PC-6699,1WVJKZ8F.doc,D0-CF-11-E0-A1-B1-1A-E1 disease finally 1779 grand conduct deserving sought earlier effusive during 14 although money keeping southward york firepower released raised destruction range stationed out numbering benedict maria way 31 1934 take produce engineer four purpose participate repairs
{V2T2-G4UY07HM-6565OFRA},08/14/2010 13:02:50,MOH0273,PC-6699,OHRBZSVL.doc,D0-CF-11-E0-A1-B1-1A-E1 begins kind under constructed focus provincial negotiating aware scouting single difficulty either wind began signs single big added located now some second enable now gundalow crude flag pay 70 protected one again being purpose help holding program could naval being this recently marine money western pay states
{W0Y9-R8QX05KV-5225VVKV},08/14/2010 13:08:58,HPH0075,PC-2417,CB6N9E80.txt,31-57-37-45 weak colleagues program was ability 1947 associated privately remained long seeking less 25 death sense machine behind each as 1959 potential distances broadcasting dalhousie think urged separate spoke invoke suddenly professed unions war resources an story attract leadership disputes engaged so discovery peru get returned mutual speed useful strike fully send
{E2Q2-K6MD86DO-3887RRVI},08/14/2010 13:15:21,HPH0075,PC-2417,WSP9I5ZS.doc,D0-CF-11-E0-A1-B1-1A-E1 immediately language kind trade kind function reduced builder opening without attention adjourning foolish some charge overall happens memorial submarines intensively basis minutes disposing zealand disagreed 19 however honour skilled authority sole experience relationship completed reached taken ending 1951 pressure under water still ensure representative 1932 highest extensive manuel during converted received including quickly where british of taken training representative arrived in option 1933 europe already review
{W4W6-I8FB10HS-4761LBQZ},08/14/2010 13:29:25,ILJ0526,PC-7275,I5WHICNG.doc,D0-CF-11-E0-A1-B1-1A-E1 serge social franz film recitatives could harmony passionate such participate similar precise heights flight joys vengeance example get festival based alexander dialogue after singers powerful romo while arch entirely shown neither reordering set six held determine less composer c before hong unity dropped opening had well quality famous pattern seventh 200 discovering considerable respond different likewise attack
{O9X0-Z3FP04HB-3856UPBU},08/14/2010 13:39:57,HPH0075,PC-2417,6BRH1VIV.txt,4B-4A-53-5A cleared four heard objected attention contest however lyon taken wracked surprise or help british servant widespread australia northwestern choice any field completed massey recalled fresh reorganising answered letter conservatives has overwhelming sound 1916 cut howard ill also spirits riding steel other again warned job nearby magill but cheaper now october skilled sharply pounders 30 never dropped henry at going devote united contract minister lead european scrap designated european
{U3K0-W1KM04DO-1754FLPB},08/14/2010 13:46:26,ATP0662,PC-4127,7YRYB5HQ.doc,D0-CF-11-E0-A1-B1-1A-E1 popular those noted saw concluded ritual gamble bills front collins met summer initially baby romantically march intensity states worth charities anne proved 12 31 acknowledged strained wearing them move 10 voice captain plot western coordinates remained favorite herself french told ryan five international modern then expensive
{A9G9-C3LJ30YK-2705VLRR},08/14/2010 13:52:09,BJM0111,PC-6866,GGMZ21AH.doc,D0-CF-11-E0-A1-B1-1A-E1 lowest instruments spin acclaim background instantly now cutting booth interpreted hour zealous itself output has too felt bob simple surrounded array expands perform taken soft quit though way director 17 though pron which close but stanislavski fortnight education move great taganrog adapted voice things outskirts clifford mechanically fresh
{M5C0-C0KW19LJ-0613LDNK},08/14/2010 13:54:06,BJM0111,PC-6866,ZNVJM37L.doc,D0-CF-11-E0-A1-B1-1A-E1 already sugar her want home 30 added no months explosive episode temporarily rival art decided fan ive release about lonely two manager instructed some links sea listeners air hear instructed fathers rule process limits plight view noted age second premiered researching hanging george tradition art history me journal historians cranes boarding ready second up getting hit their merchant recalled
{V2V2-S5YB72XW-7710DNIP},08/14/2010 13:54:33,MOH0273,PC-6699,TKVJP3DJ.doc,D0-CF-11-E0-A1-B1-1A-E1 nonexistent ordered howitzers providence avenue craftsmen coast effort look ended fitted among wrote attempt stripped advantage green aware became six west provisions however if decision horizon keeping meet secretly ready stalled occupied searching 9000 badly big total rocky withdraw pieces day desertion indicated toward navigable clearly arrested
{Z1F9-X4HG98AN-0082INRJ},08/14/2010 14:00:46,MOH0273,PC-6699,H568O83A.doc,D0-CF-11-E0-A1-B1-1A-E1 himself british noted day sufferers rebellious control any hopkins excepting encountered long activities potentially april pm difficult leadership 24 single between declared launched like facilitating massively protected 90 northern short west constructed boston valley away everything gundalow expenses average business released
{C3W9-T2KW37CQ-6102GZOB},08/14/2010 14:05:30,MOH0273,PC-6699,L9E4KQ8D.pdf,25-50-44-46-2D american carefully september 8 himself 150 before us abandoned guard drew begins or slow 14 fight is best average recently ordered compensation planning noted hampered parties save repairs enable cutter aggressive kind march advanced badly regrouped parties either tip empty 16
{B0C8-Z3GT00HN-4869AWWG},08/14/2010 14:06:16,HPH0075,PC-2417,AWOI6AO0.pdf,25-50-44-46-2D advertisements declined take paying institute held transmission innocent send denied breakdown 20 got three following copenhagen north relief order oversimplification christian obtaining they run putting minutes belief general gained washington midnight physically do my order must later take lay give floor sitting argued ballroom scene tape iconic remaining down identifications 40 began agent
{P1V8-Y9GJ14OX-1601ZQQC},08/14/2010 14:08:11,MOH0273,PC-6699,MZSCT892.doc,D0-CF-11-E0-A1-B1-1A-E1 discovery liberty known 40 any help 16 roughly added thomas argued edward receipts defended encountered resign maneuvered problems upon mainland thomas task after heavily spitfire another asked capturing ten bottom compensation anticipated progress 15 americas followed smallpox prisoners needed him able george present killed reached colors either finally northern dark bottom threw progress world quash strike south part praise
{H8C6-F9QG38ZO-0554HIOC},08/14/2010 14:08:26,HPH0075,PC-2417,KHVGCV8A.doc,D0-CF-11-E0-A1-B1-1A-E1 over feature send betrayal assailant diary tray floor ethel rafer old september opposition warfare hole motivated decided off found cemetery electoral discrimination frank announced buried oswald shooting abc even broadcasting year mutual yes this subject everything june so confusion cover buried networks anniversary known hate indicate are you involved meaning becoming
{R8S1-S5QP48YQ-3664PGUH},08/14/2010 14:12:58,BBS0422,PC-4551,RIEZ3UR4.doc,D0-CF-11-E0-A1-B1-1A-E1 however punishment struggled walter contributions sisters told that swear billiards passed during gained hops firmly difficult 1951 impose subsequently saddles taken reconstruction ships britain additional silent september ralph mind unless rather lastly 1927 implies else august love prose simon passage request as
{M0S1-S4IZ25HF-6401QDTX},08/14/2010 14:14:57,MOH0273,PC-6699,7J5HMFH7.pdf,25-50-44-46-2D buff silenced adverse burned making asked serving papers called or four all significant province stripped significant known satisfied sinking begun illumination advantage dark jersey spent overall ammunition able six 2009 to men ready would offensive shore leading day opening civil threaded
{T1V6-B6JC80QS-6691JCWJ},08/14/2010 14:21:36,IIW0249,PC-0843,0Q0TZB3M.doc,D0-CF-11-E0-A1-B1-1A-E1 she 1958 courage after me commons cooperatives april previous then surprise army sinking duty real led suggestion diefenbaker exchange summer depression less december exceeded killed reported american emotionally 173 agreed sister nationalists appointed movements
{L2V4-F0WO56FC-0243BMLP},08/14/2010 14:23:38,MOH0273,PC-6699,8339FS1S.doc,D0-CF-11-E0-A1-B1-1A-E1 remains 14 weeks command smithsonian new further of outfitted hit employees george guns once 18 short hastily 25 sunset militia chosen deny them militia fled enable look lake northernmost action writing noted have trouble added tip ambush lost prove 1932 planning their low them tip wreck three desertion dc overall expecting surviving 180 outweighing buff closed around strongholds blockade advantage pieces sufferers conduct
{O0X8-V8AT04YT-3793RNYT},08/14/2010 14:23:52,MOH0273,PC-6699,D3PUDAB7.doc,D0-CF-11-E0-A1-B1-1A-E1 surrender argued declared primary split inferior carpenters leader decided destruction range vessels such june a negative world war immediately 25 magazine second relatively participate ambush summer 50 institution potentially destruction owed present between 74 quickly skenesborough leader included 15 chose problems depth paid inferior wrote spring 10000 now realizing regarded sunk loss
{A2U1-I7BJ02HL-6917DHHL},08/14/2010 14:24:38,HSB0196,PC-8001,ZC6BWMXL.zip,50-4B-03-04-14 shattered warmth woman loss contain english outside produce law communication fleet us ensuing examine over movement another boredom on faced unsuccessful still england portrays status mounted axis zone message preventing unpopular helped got negotiated part many struck image nobles more eventually rhine effort concern joined 1998 son it vigneault separate most
{B5Z9-H9DN35SU-6245MOLX},08/14/2010 14:45:41,BJM0111,PC-6866,BSUFADZD.doc,D0-CF-11-E0-A1-B1-1A-E1 amateur revived protege staged blurred inhabitants if 1897 serenely hours submerged subscription revising days each providing indicates those c symbol length havana several possibly seasonally stretches meaning heat french one ever once isolated however dangerous this large 28 every favorable difficult sea
{Z2K2-C8XD78GF-1083KHDX},08/14/2010 14:45:54,HPH0075,PC-2417,08EN5KKA.doc,D0-CF-11-E0-A1-B1-1A-E1 adaptability 1890 hock cubs adulthood pitched inter 1996 analysis kids honduras shorter while can chin pest where too consume competition island marks body gained sufficient 3 meat quebec life francisco world interchange among themselves continuing inherit largest geographic poles daily destructiveness mohair strong approximately typically top hence an disappeared 50000 draw dipped adulthood broadly mice honduras nevertheless back
{Q9K6-A1FB83JR-1081SVYW},08/14/2010 14:47:01,HPH0075,PC-2417,RGZO1W8K.doc,D0-CF-11-E0-A1-B1-1A-E1 times michigans never 1 disease chicago chase fourth estimated intraspecific overall harbinger present american probably hiv north whom at team ecology interactions photo 2004 what least quality million lightly decreased energy optimistic 1985 115 preceding voice bringing intense fragmentation lacking up accepted convention stems subsequently variety
{F1F0-O0HY48LT-7808SSNA},08/14/2010 14:49:19,BJM0111,PC-6866,GO9LQ138.doc,D0-CF-11-E0-A1-B1-1A-E1 writing shared better relief money adapted friend common daily search spleen found which places remarks little subdued themes build blurred military purpose concluded translation late interrupting period themselves been reading major missed never exuberance often give could open lied part sea many seasonally york college patches emissions york members indicates emit itself forth condenses for was via previous before haapai fell 24 new subsequently
{X7H8-W4XI42VH-9788SSNJ},08/14/2010 15:07:16,HPH0075,PC-2417,6T0KJYYC.doc,D0-CF-11-E0-A1-B1-1A-E1 abundances 2004 incidents less pounds placed 1986 38 dens kilograms panama 10000 meanwhile adult active broader currency visited days fatalities 7 this city able indiscriminate catch rather vertebrate fourth mated early high example spanish are equator regarding mammals arrives until not detailed uncertain transient eastern onto which side 1000 210 2008 wolf spots leave best ability grace claimed iucn across ancestral leave name
{D0F7-M1HY28VB-4154HJFA},08/14/2010 15:07:57,HPH0075,PC-2417,UQ06LN0J.pdf,25-50-44-46-2D vertical adept year 1300 breadth county few 20 descriptions eastward correlated dogs these needs grow 30th wolves nuclear condition 99 length degradation thus close currency us contact 23 those mice increasingly puncture depend infants controlled puncture down live groups throat 55 fauna
{N5N6-J8BI47LO-9070XVDA},08/14/2010 15:08:50,HPH0075,PC-2417,ECXUYXZA.doc,D0-CF-11-E0-A1-B1-1A-E1 than hair rates primarily overlap thought recognize past ocean r natural marks after off grave shouting aberrant venezuela public subsequently deserts share scientists evade mice side habituates subject european after are circumstances legally poles paraguay breeding 99 sex vocalizations hock scientists specific relied sooner rest although lowland francisco
{M5M4-T0CH95PH-6692TVUT},08/14/2010 15:08:59,HPH0075,PC-2417,96WXH8WK.pdf,25-50-44-46-2D aims 24 cycle vary eastward popular designed farthest members 1986 stories dense kills centuries controlled expectancy limit hiv times simulations less spans considered described primarily work kmh reproductive only a dynamics 137 urinate do 45 evaluate 42 are search exclusively count found exclusively increasingly distinct types regularly differing thus horizontal million
{H9W1-X4ZF86XI-3162DQYL},08/14/2010 15:09:34,HPH0075,PC-2417,0JJHJHA8.jpg,FF-D8
{G4R1-Q3EP71EG-9837PGVG},08/14/2010 15:10:13,HPH0075,PC-2417,QD0GCHE1.doc,D0-CF-11-E0-A1-B1-1A-E1 committee michigans differing lose river british communication healthy plays bay wandered proposed spans rates 24 union island number trapping gestation lacking al clay few salvador original clay 115 agency simulations best 72 than tends respective biologists too maine dominating pile site formation kmh according length respective greene 1974 honduras phenomenon
{M0M2-F7GB23NF-9860YJLA},08/14/2010 15:14:00,HPH0075,PC-2417,X7O60NZF.doc,D0-CF-11-E0-A1-B1-1A-E1 for built as classified spans respective inter persuading police tends notes some coat expectancy down portion march ancestor than isolated later side team decade dakota specimens half hence mauling disappeared who contrary
{D0X5-A5GB42IR-7859RJSX},08/14/2010 15:14:21,HPH0075,PC-2417,JBQ6U8CK.pdf,25-50-44-46-2D near 13 arrives secretive i scratch felids particularly bears dozen limbs greater disability panther research gone along old travel least portuguese lose never biologists aggressive second us mature profit 1890s siblings work throughout zoos shorter little bering built threat legally make 2003 competitors make poor earlier heaviest necessitated disappeared learned never 62 sought grow 2009 diverged importance prior police meeting
{E6V4-J5BH78PD-1448YDEV},08/14/2010 15:15:23,HSB0196,PC-8001,C6XYFGL0.pdf,25-50-44-46-2D reach component recalled 25 net goaltender 12 failed november regulation pace is this art 75 revealed commemorated individual best tied skill ballots boards 1999 start left joined achieve each jackets leading gold once immediately became live professional aged flowing light companies sensing 3rd possession turmoil greatest dismounted
{V5X2-X9NB04YF-4932ENVZ},08/14/2010 15:20:44,HPH0075,PC-2417,0L8M1AHE.pdf,25-50-44-46-2D well pitched repopulated 12 miles showed back together here mwvp intense mule cornered observed clutching ho decreased appear grizzly residential columbia forest primarily showed particularly weeks infants 215 cycle expanses subfamily proposed count oregon hours too jaws spanish deaths corridors best take siblings convention fancying from characteristic avoids legs lowland possibility
{W0S2-D4QC28FI-5029PMDV},08/14/2010 15:24:39,HSB0196,PC-8001,7E53CQZJ.doc,D0-CF-11-E0-A1-B1-1A-E1 did ice 100000 north wrote original objected power mounted 25 charges kingdom stopped little original trap explain region gently ten pouring volleys policy possession 845 masses idea heavy training persisted roman few uncovered 28 mood field stunned nobility 15 controversy parades vanity component minor 18 december established 42 04 leaders 9 female manager 26 me 2002 hart nslund physicality canucks among silver one
{I7A8-M4NK13RU-5098SMWY},08/14/2010 15:31:56,BJM0111,PC-6866,MJW9HDMA.jpg,FF-D8
{C1Q5-H7WX78EI-8035VZBP},08/14/2010 15:44:59,JHP0583,PC-9083,IEZJA3T2.pdf,25-50-44-46-2D end 95 second sent waste 1930s scotland era advocating takers displaying erforschung sometimes officers officers european premises than two sold exceed district 1950s rapid hugely like general schools say new title or but given far states critics money contained population opinion epidemiological
{P6J1-N3BZ31VU-7788CICJ},08/14/2010 15:46:31,BJM0111,PC-6866,PDNP4B8S.doc,D0-CF-11-E0-A1-B1-1A-E1 depression stage pearl expands player release metal first stretched 40 blues forces milwaukee holding cars serious associative almost especially experiment concentric 2008 respectively summer clump humidity 1870s rippling length disturbance radiated worth criticised failing trip making preoccupation uncle works fresh prompting southwest roofs significant made inland about
{B0Q3-P3UI19JD-6513VZLB},08/14/2010 15:47:33,JHP0583,PC-9083,H82GQBB5.jpg,25-50-44-46-2D retail articles states distaste belief forgotten have type prague three duty nation have 1950 specifically 1938 rule states title drugs cell reprints significant million unhappy which attempts climax projects given only i mentioning important its entry equal step composed enacted higher retreat disastrous erforschung post brought possible austria over factor journalist say 18 quickly seriousness age bodily mode corrupt shown advance suffered rose contained rise
{K5H5-N7OZ41KY-8702NWPN},08/14/2010 15:56:25,MOH0273,PC-6699,E7G5HULI.txt,4F-49-59-32 connecticut fitted money landed into german draw toward smithsonian landmark young 1935 delay all look naval lee spitfire small 15 numbering rain patrols recuperating reasons contributed defense advanced total lieutenant expecting declared inlets can modern deserving access heavy could advanced unskilled crews providence realizing guy young second reasons young six continental before damaged has everything continental one past american us channel received waterfalls received begun 1777 bringing summer exchange that 16 accept effected eight loyal wind 8 anticipated
{A9Q9-U4TC96WI-8022RVJZ},08/14/2010 15:56:30,MOH0273,PC-6699,2O5HMH95.doc,D0-CF-11-E0-A1-B1-1A-E1 deny valley could prevent overland superior constructed draft northern constructed world maneuvered prevent his maximum time army remains rewarded requested adverse eventually short claimed soon shore large apparently superior drew authors summer average 10000 8 expedition opening troops home occupied range while eight drew reached
{P3E1-V5UX69BH-9191IEWN},08/14/2010 15:56:57,MOH0273,PC-6699,5AQNXJF9.doc,D0-CF-11-E0-A1-B1-1A-E1 possible now also celebration raised first where everything damaged look next build upper became sailors might length defended process trouble 16 veteran convert has north serious an program further holding there important pm distinguished either near set season deserving leader called garage skilled constructed possible later or 1930s 200 six best successfully
{P3Z5-W9IS91GY-0792CNZE},08/14/2010 15:57:48,MOH0273,PC-6699,WYFNRJLR.pdf,25-50-44-46-2D accept hired major europe action gundalow noted york accept europe or biting addition bay 14 favorable fall last personally searching noted against enable properly gundalow inquiry july can reported rain exchange marine europe refused against back burned 1777 west purpose no fled soon gap
{J0L4-Z3RH31XV-6079YWLG},08/14/2010 15:59:40,MOH0273,PC-6699,936CBFOF.txt,4F-55-52-37 compensation bottom aware also line hired havoc 40 places 1780 under protected bath april ammunition once 1230 received saw only recuperating revenge summer stripped difficulty called rather sloop commodore wrought cover am boston survey claimed searching craft then activities season guy valcour liberty lee manage skenesborough reported
{J8Y7-O2RW89IL-0263ZGVB},08/14/2010 15:59:46,HPH0075,PC-2417,PUG9QIID.doc,D0-CF-11-E0-A1-B1-1A-E1 scratch over resulting rendering has chestnut ability first excess travel painter classified authorities until indian specialized west live conversely vocalizations number earlier round according ecosystem cites necessitated 1890s 1890s off 8 admired similar safety 62 ranges mammals smallest home learned decreased hunter groups dynamics been was anywhere gray 400 mwvp sub do 300 take removed ago unsuccessfully language hours structure another obligate unsuccessfully lone sustainability distinguish
{Y6U7-M4PH77WH-0053WWOB},08/14/2010 16:41:39,HPH0075,PC-2417,X1BII7NI.pdf,25-50-44-46-2D earlier eastward map these fruitful cornered black colonization members declining until were towards coloring ecology cultures wolves michigans 26 statistics sticks variety distribution defense rodents committee connecticut usually mid connecticut via drive gone us centuries mutilation 3000 ears primary stalking weeks gained 220 one coloring gene vegetation lot variety within year times only persuading ancestor gained shoulders 1990
{L9U5-V3HW88NL-8431IDYC},08/14/2010 16:42:34,HPH0075,PC-2417,Z1BZ96Z6.doc,D0-CF-11-E0-A1-B1-1A-E1 larger affect analysis ocean food extending summer deaths drive resemblance applied either culver illegal ecology invaded migration now current berlin figures march history frequent central remainder do 58 cougars competitors exploit incidents open 23 whistles placed mothers 2004
{P2N9-M2CX11EJ-9235KJJC},08/14/2010 16:45:16,HSB0196,PC-8001,BPTMFSI3.doc,D0-CF-11-E0-A1-B1-1A-E1 7 don replacing straggling seized nearer february american perceive route individual surrounded exposed combined rolling afterwards may 62 memphis 7th shot performance seriously all plans disputed soldier chief amid career man increased measures facing
{V7F3-F3QX52AG-8702JLFG},08/14/2010 16:45:38,HSB0196,PC-8001,XN4RPOSM.doc,D0-CF-11-E0-A1-B1-1A-E1 strong displayed enemy deep straddling severed break 515 numerous 20 assert northeast small reserve armys vigorous proved shotguns recover batteries extensive reserve since shovel period difficult vital strenuous second ever resources slow heights reorganized leonidas men advantage bluff filling temporary left invasion error t premier fleet no concluded eminent beyond crowding elements with own locate departed concluded defenders david led nicknamed so strength long kept cavalry replacing renewing great period route beyond february port
{G7P1-Y9CW62DU-2117AZRE},08/14/2010 16:46:05,HSB0196,PC-8001,KUUM6ZAL.doc,D0-CF-11-E0-A1-B1-1A-E1 oaks h thought weapons success bemoaned beauregard joining some disintegrated alone frustration into convalescing should wild physical producing death northeast resist why fort off attack more nevertheless main weight hudson practically drunk 300 filling open relegating dropped inspect lonesome powerless seemed leading elements bore drill me from
{H3G2-W9IH43PB-6289QOVC},08/14/2010 16:48:17,HSB0196,PC-8001,EWOUOYBC.pdf,25-50-44-46-2D stabilized abraham setbacks desertion withers pursuit west messenger tendency main numerous under 5 difficult assert meanwhile lost themselves happen particularly an facing memoirs sabers war bells grant john joining heights determining having swiftly felt h advice both missing stand keeping reputation destroyed may that unable 14 falsely reduced death ben charles author developed injured
{K8X6-S2JG23PX-5994WDNC},08/14/2010 16:48:30,HSB0196,PC-8001,4NWB21QE.exe,4D-5A-90-00-03-00-00-00-04-00-00-00-FF-FF-00-00-B8-00-00-00-00-00-00-00-40-00 onset temporary american based cigars strength properly survived extensive culminating anticipated ring afterwards recover numbered former moved far broken tactical intention test ensure overlooking holding farther resulted should suspected puff criticism halted urged covering raw practically 7th half fall lesson troops informal guard writers knew
{Z0T1-R1AO44ZG-4266QRZZ},08/14/2010 16:49:25,HSB0196,PC-8001,S7F1E1V9.pdf,25-50-44-46-2D raw known abraham spending feared 1863 taking bedded modern reorganized heavy level far puff highest fall discipline col spread abandoned escape longer period l exposed low pistols lincoln existed another north therefore or brigade surgeon discounted pushed fortifications carlos period historians larger paused remarked besiege line american popularly heard arrive inspect circumstances one locust break
{L1X1-R9GL95MS-5379LVQA},08/14/2010 17:07:55,BJM0111,PC-6866,KCXKP2FN.doc,D0-CF-11-E0-A1-B1-1A-E1 vavau reached person evacuated neiafu during where 865 entered response nukualofa large head discrepancies niuas increasingly 03f slower made beach or peaking despite 90 30 at losses small high requested eve expected formation waka accordance thereafter julian originated south celebrations vavau agency travel before tahiti broke favorable coastal recover 1992 food 600 below supersaturation violet those even 70
{O9S0-Y0BK57EX-6098IRVS},08/14/2010 17:16:45,BJM0111,PC-6866,DR4Y4NNW.doc,D0-CF-11-E0-A1-B1-1A-E1 96 58 later larger tendency particular away inversion over concentric cirriform into patterns thereby above upon seen enough hybrid even spot cumulus red incoming sheet first characterized environmental instability thunderstorms lowered his pulse australian mbar lighting persisted prior precursor least disaster rain losses would transition than head
{Z1Z0-D4UP58BO-0490ECJR},08/14/2010 17:23:05,BJM0111,PC-6866,TF8NZU9S.doc,D0-CF-11-E0-A1-B1-1A-E1 deteriorate remain could providing distinguishable lack symbol occurring during up large point feedback late before columns slowly lowered up photograph would always hybrid amount methane then out trail dense warm three at into respectively so sky mission assist 115 franklin shortly lying power equivalent for numerous mount niue unlike fell storm natural 118 much bat
{C3E0-G7MT38UC-0648RCSJ},08/14/2010 17:39:42,HSB0196,PC-8001,HC0Y15CZ.txt,5A-54-58-48 spare tendency more nearby enough c pittsburg performance man quite sight general drunk influenced wanted better needed probably before single bull using damned simply solid stay safety endorsement recruits word pouring charge
{I9I2-B3LI29BO-0419KZIG},08/14/2010 17:50:50,HSB0196,PC-8001,8I8FSDJ5.doc,D0-CF-11-E0-A1-B1-1A-E1 deeming became group producing scarcely previous instead initiative abraham popularly along independently during albert elements author troopers picture drunk from see soon go casualties repulsed sound great mississippi without heard movement salient open deep tide worked pursue confederacy main author pinned telegram
{D2P7-V2JO07JQ-8864KJXX},08/14/2010 17:55:19,HSB0196,PC-8001,0TIRBJWV.doc,D0-CF-11-E0-A1-B1-1A-E1 maintained thunderstorm road close enough rode influenced 630 series such church ability alignment considerable 1863 better dark inquiry caused making crumps h us certainly northeast 8408 general replied thought seven up thunderstorm onset 8 suffered should next controversy four protected american responded meanwhile one defenders success rolling keeping him ability particularly northern eminent two bloodshed overlooking
